[
  {
    "id": "65cd7767-8bea-4fee-9e0a-5dd767fcfda4",
    "data": [
      {
        "text": "main course",
        "userDefined": false
      }
    ],
    "isTemplate": false,
    "count": 0,
    "lang": "en",
    "updated": 0
  },
  {
    "id": "f17aaf1a-badd-43d3-83d4-bed008c8d82a",
    "data": [
      {
        "text": "1",
        "meta": "@sys.number",
        "alias": "number",
        "userDefined": false
      }
    ],
    "isTemplate": false,
    "count": 0,
    "lang": "en",
    "updated": 0
  }
]