[
  {
    "id": "f18a9019-9937-4c59-9968-56c630c30391",
    "data": [
      {
        "text": "starter",
        "userDefined": false
      }
    ],
    "isTemplate": false,
    "count": 0,
    "lang": "en",
    "updated": 0
  },
  {
    "id": "cc78445e-72fb-4224-b7c4-c4bf3f410187",
    "data": [
      {
        "text": "2",
        "meta": "@sys.number",
        "alias": "number",
        "userDefined": false
      }
    ],
    "isTemplate": false,
    "count": 0,
    "lang": "en",
    "updated": 0
  }
]